url,module,id,project,stage,parts,dom_file
,,,,,,
https://www.contentstack.com/docs/developers/create-content-types/taxonomy,content-models,date,CMS,,,
https://www.contentstack.com/docs/developers/create-content-types/custom,content-models,custom,CMS,,,
https://www.contentstack.com/docs/developers/create-content-types/global,content-models,global,CMS,,,
https://www.contentstack.com/docs/developers/create-content-types/field-limitations,content-models,field-limitations,CMS,,,
https://www.contentstack.com/docs/developers/create-content-types/about-field-properties,content-models,about-field-properties,CMS,,,
https://www.contentstack.com/docs/developers/create-content-types/display-name,content-models,display-name,CMS,,,
https://www.contentstack.com/docs/developers/create-content-types/unique-id,content-models,unique-id,CMS,,,
https://www.contentstack.com/docs/developers/create-content-types/placeholder-value,content-models,placeholder-value,CMS,,,
https://www.contentstack.com/docs/developers/create-content-types/instruction-value,content-models,instruction-value,CMS,,,
https://www.contentstack.com/docs/developers/create-content-types/help-text,content-models,help-text,CMS,,,
https://www.contentstack.com/docs/developers/create-content-types/default-value,content-models,default-value,CMS,,,
https://www.contentstack.com/docs/developers/create-content-types/validation-regex,content-models,validation-regex,CMS,,,
https://www.contentstack.com/docs/developers/create-content-types/validation-error-message,content-models,validation-error-message,CMS,,,
https://www.contentstack.com/docs/developers/create-content-types/mandatory,content-models,mandatory,CMS,,,
https://www.contentstack.com/docs/developers/create-content-types/unique,content-models,unique,CMS,,,
https://www.contentstack.com/docs/developers/create-content-types/multiple,content-models,multiple,CMS,,,
https://www.contentstack.com/docs/developers/create-content-types/minimum-and-maximum-limit,content-models,minimum-and-maximum-limit,CMS,,part-1,dom/CMS/content-models/content-models-list.html
https://www.contentstack.com/docs/developers/create-content-types/minimum-and-maximum-limit,content-models,minimum-and-maximum-limit,CMS,,part-2,dom/CMS/content-models/content-builder.html