# Docs to audit (one per line). Synced from docs-urls.csv, flows/*/docs.json, and flow source URLs.
https://www.contentstack.com/docs/developers/create-content-types/about-content-types
https://www.contentstack.com/docs/developers/create-content-types/about-field-properties
https://www.contentstack.com/docs/developers/create-content-types/about-fields
https://www.contentstack.com/docs/developers/create-content-types/boolean
https://www.contentstack.com/docs/developers/create-content-types/content-type-versioning
https://www.contentstack.com/docs/developers/create-content-types/copy-a-content-type
https://www.contentstack.com/docs/developers/create-content-types/create-a-content-type
https://www.contentstack.com/docs/developers/create-content-types/custom
https://www.contentstack.com/docs/developers/create-content-types/date
https://www.contentstack.com/docs/developers/create-content-types/default-value
https://www.contentstack.com/docs/developers/create-content-types/delete-a-content-type
https://www.contentstack.com/docs/developers/create-content-types/display-name
https://www.contentstack.com/docs/developers/create-content-types/edit-a-content-type
https://www.contentstack.com/docs/developers/create-content-types/export-a-content-type
https://www.contentstack.com/docs/developers/create-content-types/field-limitations
https://www.contentstack.com/docs/developers/create-content-types/file
https://www.contentstack.com/docs/developers/create-content-types/global
https://www.contentstack.com/docs/developers/create-content-types/group
https://www.contentstack.com/docs/developers/create-content-types/group#example-2-survey-form
https://www.contentstack.com/docs/developers/create-content-types/help-text
https://www.contentstack.com/docs/developers/create-content-types/import-a-content-type
https://www.contentstack.com/docs/developers/create-content-types/import-prebuilt-content-models
https://www.contentstack.com/docs/developers/create-content-types/instruction-value
https://www.contentstack.com/docs/developers/create-content-types/json-schema-for-creating-a-content-type
https://www.contentstack.com/docs/developers/create-content-types/link
https://www.contentstack.com/docs/developers/create-content-types/mandatory
https://www.contentstack.com/docs/developers/create-content-types/markdown
https://www.contentstack.com/docs/developers/create-content-types/minimum-and-maximum-limit
https://www.contentstack.com/docs/developers/create-content-types/minimum-and-maximum-limit#example-enforcing-or-logic-with-modular-blocks
https://www.contentstack.com/docs/developers/create-content-types/modular-blocks
https://www.contentstack.com/docs/developers/create-content-types/multi-line-textbox
https://www.contentstack.com/docs/developers/create-content-types/multiple
https://www.contentstack.com/docs/developers/create-content-types/new-page
https://www.contentstack.com/docs/developers/create-content-types/number
https://www.contentstack.com/docs/developers/create-content-types/placeholder-value
https://www.contentstack.com/docs/developers/create-content-types/reference
https://www.contentstack.com/docs/developers/create-content-types/rich-text-editor
https://www.contentstack.com/docs/developers/create-content-types/scenarios-where-editing-a-content-type-is-unsafe
https://www.contentstack.com/docs/developers/create-content-types/select
https://www.contentstack.com/docs/developers/create-content-types/single-line-textbox
https://www.contentstack.com/docs/developers/create-content-types/single-vs-multiple-content-types
https://www.contentstack.com/docs/developers/create-content-types/taxonomy
https://www.contentstack.com/docs/developers/create-content-types/title
https://www.contentstack.com/docs/developers/create-content-types/unique
https://www.contentstack.com/docs/developers/create-content-types/unique-id
https://www.contentstack.com/docs/developers/create-content-types/url
https://www.contentstack.com/docs/developers/create-content-types/validation-error-message
https://www.contentstack.com/docs/developers/create-content-types/validation-regex
